[
  {
    "value": "sign in",
    "synonyms": [
      "sign in",
      "log in",
      "login",
      "signin"
    ]
  },
  {
    "value": "sign up",
    "synonyms": [
      "sign up"
    ]
  },
  {
    "value": "welcome",
    "synonyms": [
      "welcome",
      "home"
    ]
  },
  {
    "value": "cart",
    "synonyms": [
      "cart"
    ]
  },
  {
    "value": "cart review",
    "synonyms": [
      "cart review"
    ]
  },
  {
    "value": "cart confirm",
    "synonyms": [
      "cart confirm",
      "purchase"
    ]
  }
]