[
  {
    "id": "0f1b6a33-333a-4649-be67-4ae81215cd05",
    "data": [
      {
        "text": "cart review",
        "userDefined": false
      }
    ],
    "isTemplate": false,
    "count": 0,
    "lang": "en",
    "updated": 0
  },
  {
    "id": "1432d7d3-fb32-4264-b5ec-a55feee6adf6",
    "data": [
      {
        "text": "please help me review the cart",
        "userDefined": false
      }
    ],
    "isTemplate": false,
    "count": 0,
    "lang": "en",
    "updated": 0
  },
  {
    "id": "8a3d7640-8648-449c-b8e2-e571efb1f983",
    "data": [
      {
        "text": "can you help me review my cart",
        "userDefined": false
      }
    ],
    "isTemplate": false,
    "count": 0,
    "lang": "en",
    "updated": 0
  },
  {
    "id": "bd5e28fd-d0ea-4450-81f0-64ea1270efe7",
    "data": [
      {
        "text": "review cart",
        "userDefined": false
      }
    ],
    "isTemplate": false,
    "count": 0,
    "lang": "en",
    "updated": 0
  },
  {
    "id": "f1c7b709-e2dc-4c6a-821e-851d068f86d2",
    "data": [
      {
        "text": "I want to review my cart before checkout",
        "userDefined": false
      }
    ],
    "isTemplate": false,
    "count": 0,
    "lang": "en",
    "updated": 0
  },
  {
    "id": "5e7f8ee2-223f-47e8-a149-82ebc946eb20",
    "data": [
      {
        "text": "I would like to review the cart",
        "userDefined": false
      }
    ],
    "isTemplate": false,
    "count": 0,
    "lang": "en",
    "updated": 0
  },
  {
    "id": "ce7b83fe-719d-4433-952d-b86edfdc0c62",
    "data": [
      {
        "text": "could you please take my to the cart page?",
        "userDefined": false
      }
    ],
    "isTemplate": false,
    "count": 0,
    "lang": "en",
    "updated": 0
  },
  {
    "id": "9847d8e9-3ff3-40cb-8b1d-4b644a80ad15",
    "data": [
      {
        "text": "take me to my cart",
        "userDefined": false
      }
    ],
    "isTemplate": false,
    "count": 0,
    "lang": "en",
    "updated": 0
  },
  {
    "id": "aeb8a947-4a83-49d5-a3f8-f859e7b1ad48",
    "data": [
      {
        "text": "Cart review, please",
        "userDefined": false
      }
    ],
    "isTemplate": false,
    "count": 0,
    "lang": "en",
    "updated": 0
  },
  {
    "id": "487876fc-36d7-4a68-a832-23d6aebf3b60",
    "data": [
      {
        "text": "Take me to review my cart",
        "userDefined": false
      }
    ],
    "isTemplate": false,
    "count": 1,
    "lang": "en",
    "updated": 0
  },
  {
    "id": "aefe5a53-86dd-44ba-8dd1-440f4ab15fb4",
    "data": [
      {
        "text": "I want to review my cart",
        "userDefined": false
      }
    ],
    "isTemplate": false,
    "count": 0,
    "lang": "en",
    "updated": 0
  }
]