[
  {
    "id": "9e5c88b1-66e7-4c5c-9dbc-2d7773539709",
    "data": [
      {
        "text": "I only want ",
        "userDefined": false
      },
      {
        "text": "women",
        "meta": "@Tag",
        "alias": "tag",
        "userDefined": true
      },
      {
        "text": " products",
        "userDefined": false
      }
    ],
    "isTemplate": false,
    "count": 0,
    "lang": "en",
    "updated": 0
  },
  {
    "id": "704c549b-1cef-477a-a54c-cd2306008a6e",
    "data": [
      {
        "text": "I only want to see ",
        "userDefined": false
      },
      {
        "text": "black",
        "meta": "@Tag",
        "alias": "tag",
        "userDefined": true
      },
      {
        "text": " ones",
        "userDefined": false
      }
    ],
    "isTemplate": false,
    "count": 0,
    "lang": "en",
    "updated": 0
  },
  {
    "id": "2db1b415-456c-4e25-81cb-cdc455d80bfa",
    "data": [
      {
        "text": "show me only the ",
        "userDefined": false
      },
      {
        "text": "fluffy",
        "meta": "@Tag",
        "alias": "tag",
        "userDefined": true
      },
      {
        "text": " ones",
        "userDefined": false
      }
    ],
    "isTemplate": false,
    "count": 0,
    "lang": "en",
    "updated": 0
  },
  {
    "id": "64208301-aa01-4187-8535-912906c8f918",
    "data": [
      {
        "text": "filter by the tag ",
        "userDefined": false
      },
      {
        "text": "black",
        "meta": "@Tag",
        "alias": "tag",
        "userDefined": true
      }
    ],
    "isTemplate": false,
    "count": 0,
    "lang": "en",
    "updated": 0
  },
  {
    "id": "cdf4cef6-c400-4f67-9388-195f236b20a3",
    "data": [
      {
        "text": "could you please show me only the products that are ",
        "userDefined": false
      },
      {
        "text": "men",
        "meta": "@Tag",
        "alias": "tag",
        "userDefined": true
      }
    ],
    "isTemplate": false,
    "count": 0,
    "lang": "en",
    "updated": 0
  },
  {
    "id": "3e9ffccf-6907-4497-8fc8-a6f0662c0375",
    "data": [
      {
        "text": "can you filter the products by ",
        "userDefined": false
      },
      {
        "text": "women",
        "meta": "@Tag",
        "alias": "tag",
        "userDefined": true
      }
    ],
    "isTemplate": false,
    "count": 0,
    "lang": "en",
    "updated": 0
  },
  {
    "id": "b0c2788a-d907-4875-9be6-12d2805517e3",
    "data": [
      {
        "text": "products that have tag ",
        "userDefined": false
      },
      {
        "text": "fluffy",
        "meta": "@Tag",
        "alias": "tag",
        "userDefined": true
      }
    ],
    "isTemplate": false,
    "count": 0,
    "lang": "en",
    "updated": 0
  },
  {
    "id": "2cf814fa-75bf-4b16-999b-f7713c72f565",
    "data": [
      {
        "text": "what are products that have ",
        "userDefined": false
      },
      {
        "text": "black",
        "meta": "@Tag",
        "alias": "tag",
        "userDefined": true
      },
      {
        "text": " tag",
        "userDefined": false
      }
    ],
    "isTemplate": false,
    "count": 0,
    "lang": "en",
    "updated": 0
  },
  {
    "id": "6ab960e2-3530-4b9f-9978-cb7bea829171",
    "data": [
      {
        "text": "Show me products by ",
        "userDefined": false
      },
      {
        "text": "red",
        "meta": "@Tag",
        "alias": "tag",
        "userDefined": true
      }
    ],
    "isTemplate": false,
    "count": 0,
    "lang": "en",
    "updated": 0
  },
  {
    "id": "8f7b4981-f852-45e4-81fa-cb72b3d2f13f",
    "data": [
      {
        "text": "Show me all the ",
        "userDefined": false
      },
      {
        "text": "red",
        "meta": "@Tag",
        "alias": "tag",
        "userDefined": false
      },
      {
        "text": " ones",
        "userDefined": false
      }
    ],
    "isTemplate": false,
    "count": 0,
    "lang": "en",
    "updated": 0
  }
]