[
  {
    "id": "8c75f03d-85a1-4fe9-be25-72161162e5c6",
    "data": [
      {
        "text": "can you remove ",
        "userDefined": false
      },
      {
        "text": "Bucky Badger Plush",
        "meta": "@Product",
        "alias": "Product",
        "userDefined": true
      },
      {
        "text": " please?",
        "userDefined": false
      }
    ],
    "isTemplate": false,
    "count": 0,
    "lang": "en",
    "updated": 0
  },
  {
    "id": "38d980e9-4b3d-45b9-ae32-9e1d8faba5dc",
    "data": [
      {
        "text": "get rid of the ",
        "userDefined": false
      },
      {
        "text": "Wisconsin Leggings",
        "meta": "@Product",
        "alias": "Product",
        "userDefined": false
      },
      {
        "text": " in the cart",
        "userDefined": false
      }
    ],
    "isTemplate": false,
    "count": 0,
    "lang": "en",
    "updated": 0
  },
  {
    "id": "970ab4be-8428-4c71-9501-b8f0b0ba45f4",
    "data": [
      {
        "text": "please delete the product ",
        "userDefined": false
      },
      {
        "text": "Wisconsin Running Shorts",
        "meta": "@Product",
        "alias": "Product",
        "userDefined": true
      }
    ],
    "isTemplate": false,
    "count": 0,
    "lang": "en",
    "updated": 0
  },
  {
    "id": "a7f64d22-1f17-47fe-b851-fb3a9e31cadd",
    "data": [
      {
        "text": "please remove the item ",
        "userDefined": false
      },
      {
        "text": "Wisconsin Running Shorts",
        "meta": "@Product",
        "alias": "Product",
        "userDefined": true
      }
    ],
    "isTemplate": false,
    "count": 0,
    "lang": "en",
    "updated": 0
  },
  {
    "id": "f8c64f7d-7aa2-4083-815c-ba9c3fa4d58b",
    "data": [
      {
        "text": "I don\u0027t want the ",
        "userDefined": false
      },
      {
        "text": "Wisconsin Sweatpants",
        "meta": "@Product",
        "alias": "Product",
        "userDefined": true
      },
      {
        "text": " in my cart anymore",
        "userDefined": false
      }
    ],
    "isTemplate": false,
    "count": 0,
    "lang": "en",
    "updated": 0
  },
  {
    "id": "191b969e-ebd6-44e3-8105-5fb9e13929ac",
    "data": [
      {
        "text": "please take off the ",
        "userDefined": false
      },
      {
        "text": "Badger Bucky Keychain",
        "meta": "@Product",
        "alias": "Product",
        "userDefined": true
      },
      {
        "text": " from the cart",
        "userDefined": false
      }
    ],
    "isTemplate": false,
    "count": 0,
    "lang": "en",
    "updated": 0
  },
  {
    "id": "8844d0d8-b28a-4c8f-b425-93b482a8f459",
    "data": [
      {
        "text": "remove ",
        "userDefined": false
      },
      {
        "text": "White Wisconsin Visor",
        "meta": "@Product",
        "alias": "Product",
        "userDefined": true
      },
      {
        "text": " from the cart",
        "userDefined": false
      }
    ],
    "isTemplate": false,
    "count": 0,
    "lang": "en",
    "updated": 0
  },
  {
    "id": "372739f0-1284-4abc-8c11-82a502029423",
    "data": [
      {
        "text": "delete ",
        "userDefined": false
      },
      {
        "text": "Bucky Badger Pillow",
        "meta": "@Product",
        "alias": "Product",
        "userDefined": true
      },
      {
        "text": " from the cart",
        "userDefined": false
      }
    ],
    "isTemplate": false,
    "count": 0,
    "lang": "en",
    "updated": 0
  },
  {
    "id": "1d011a83-e004-4801-b1ed-0c1e476373a9",
    "data": [
      {
        "text": "remove ",
        "userDefined": false
      },
      {
        "text": "Wisconsin Football Hat",
        "meta": "@Product",
        "alias": "Product",
        "userDefined": true
      }
    ],
    "isTemplate": false,
    "count": 0,
    "lang": "en",
    "updated": 0
  },
  {
    "id": "878a16d0-567c-452d-a30d-947d8aa9cb96",
    "data": [
      {
        "text": "delete ",
        "userDefined": false
      },
      {
        "text": "Wisconsin Leggings",
        "meta": "@Product",
        "alias": "Product",
        "userDefined": true
      }
    ],
    "isTemplate": false,
    "count": 0,
    "lang": "en",
    "updated": 0
  }
]