[
  {
    "id": "104466e1-8b0a-40ad-a6f1-e58298467f6e",
    "data": [
      {
        "text": "I want to delete everything in my ",
        "userDefined": false
      },
      {
        "text": "cart",
        "meta": "@sys.ignore",
        "userDefined": false
      }
    ],
    "isTemplate": false,
    "count": 0,
    "lang": "en",
    "updated": 0
  },
  {
    "id": "39e33305-6b04-437e-82f6-a0b4292d438c",
    "data": [
      {
        "text": "I want to remove everything in my cart",
        "userDefined": false
      }
    ],
    "isTemplate": false,
    "count": 0,
    "lang": "en",
    "updated": 0
  },
  {
    "id": "3453887d-769e-4e90-9455-d4df5d6bce6c",
    "data": [
      {
        "text": "could you please clear the ",
        "userDefined": false
      },
      {
        "text": "cart",
        "meta": "@sys.ignore",
        "userDefined": false
      }
    ],
    "isTemplate": false,
    "count": 0,
    "lang": "en",
    "updated": 0
  },
  {
    "id": "1c0ee3ac-fdb9-4c98-8fc4-a30d9d3644ed",
    "data": [
      {
        "text": "I want a empty ",
        "userDefined": false
      },
      {
        "text": "cart",
        "meta": "@sys.ignore",
        "userDefined": false
      }
    ],
    "isTemplate": false,
    "count": 0,
    "lang": "en",
    "updated": 0
  },
  {
    "id": "36247a59-6bf2-4fe9-8160-f0dd2e53f279",
    "data": [
      {
        "text": "empty ",
        "userDefined": false
      },
      {
        "text": "cart",
        "meta": "@sys.ignore",
        "userDefined": false
      }
    ],
    "isTemplate": false,
    "count": 0,
    "lang": "en",
    "updated": 0
  },
  {
    "id": "14fd9f39-dc09-4d4b-a2ea-016460ff6998",
    "data": [
      {
        "text": "delete everything in my ",
        "userDefined": false
      },
      {
        "text": "cart",
        "meta": "@sys.ignore",
        "userDefined": false
      }
    ],
    "isTemplate": false,
    "count": 0,
    "lang": "en",
    "updated": 0
  },
  {
    "id": "5f798a0f-bae3-47dd-9cef-4ff842a0b840",
    "data": [
      {
        "text": "Can you clear my ",
        "userDefined": false
      },
      {
        "text": "cart",
        "meta": "@sys.ignore",
        "userDefined": false
      }
    ],
    "isTemplate": false,
    "count": 0,
    "lang": "en",
    "updated": 0
  },
  {
    "id": "0e4d995b-644c-44c4-ade5-8995c8d4113a",
    "data": [
      {
        "text": "I want to clear my ",
        "userDefined": false
      },
      {
        "text": "cart",
        "meta": "@sys.ignore",
        "userDefined": false
      }
    ],
    "isTemplate": false,
    "count": 0,
    "lang": "en",
    "updated": 0
  },
  {
    "id": "f9872765-28f2-4dfa-9c31-30cec242b89f",
    "data": [
      {
        "text": "remove everything in my ",
        "userDefined": false
      },
      {
        "text": "cart",
        "meta": "@sys.ignore",
        "userDefined": false
      }
    ],
    "isTemplate": false,
    "count": 0,
    "lang": "en",
    "updated": 0
  },
  {
    "id": "611ec669-7a87-4b7c-9aad-52d052ef2c06",
    "data": [
      {
        "text": "clear my ",
        "userDefined": false
      },
      {
        "text": "cart",
        "meta": "@sys.ignore",
        "userDefined": false
      }
    ],
    "isTemplate": false,
    "count": 0,
    "lang": "en",
    "updated": 0
  }
]