[
  {
    "id": "e2f37cce-99cf-4050-b2a2-8f630fdbc7d9",
    "data": [
      {
        "text": "purchase",
        "userDefined": false
      }
    ],
    "isTemplate": false,
    "count": 0,
    "lang": "en",
    "updated": 0
  },
  {
    "id": "8da1539e-b6f5-4e83-af77-1730ac977496",
    "data": [
      {
        "text": "Place my order",
        "userDefined": false
      }
    ],
    "isTemplate": false,
    "count": 0,
    "lang": "en",
    "updated": 0
  },
  {
    "id": "8c8bb008-a268-4088-a4c7-1830ec3fa5f6",
    "data": [
      {
        "text": "check out",
        "userDefined": false
      }
    ],
    "isTemplate": false,
    "count": 0,
    "lang": "en",
    "updated": 0
  },
  {
    "id": "71bd2a24-868f-4613-b8b4-d0c4fa17f744",
    "data": [
      {
        "text": "Please confirm my cart",
        "userDefined": false
      }
    ],
    "isTemplate": false,
    "count": 0,
    "lang": "en",
    "updated": 0
  },
  {
    "id": "277b3104-28d3-4483-92f0-aa07ef384a1c",
    "data": [
      {
        "text": "My cart looks ok",
        "userDefined": false
      }
    ],
    "isTemplate": false,
    "count": 0,
    "lang": "en",
    "updated": 0
  },
  {
    "id": "6a1e3650-e01c-4db1-9a12-81e5a2c258fc",
    "data": [
      {
        "text": "Can you help me confirm my cart",
        "userDefined": false
      }
    ],
    "isTemplate": false,
    "count": 0,
    "lang": "en",
    "updated": 0
  },
  {
    "id": "15d6f5f6-0867-4d05-8da5-fea284f96fd4",
    "data": [
      {
        "text": "I want to confirm",
        "userDefined": false
      }
    ],
    "isTemplate": false,
    "count": 0,
    "lang": "en",
    "updated": 0
  },
  {
    "id": "23046ef7-f57b-41f9-8282-a18408cc6302",
    "data": [
      {
        "text": "I confirm my cart",
        "userDefined": false
      }
    ],
    "isTemplate": false,
    "count": 0,
    "lang": "en",
    "updated": 0
  },
  {
    "id": "17f5b33d-f06b-4f72-99ec-813805c83005",
    "data": [
      {
        "text": "My cart is alright",
        "userDefined": false
      }
    ],
    "isTemplate": false,
    "count": 0,
    "lang": "en",
    "updated": 0
  },
  {
    "id": "54386116-2bfa-4549-8213-497d4fc56ef3",
    "data": [
      {
        "text": "I want to confirm to check out",
        "userDefined": false
      }
    ],
    "isTemplate": false,
    "count": 0,
    "lang": "en",
    "updated": 0
  },
  {
    "id": "1e56f9fd-9167-4120-bd3b-fb11918333d0",
    "data": [
      {
        "text": "I would like to check out",
        "userDefined": false
      }
    ],
    "isTemplate": false,
    "count": 0,
    "lang": "en",
    "updated": 0
  },
  {
    "id": "394e0fe9-3696-44f0-848a-5f8cd5573569",
    "data": [
      {
        "text": "confirm",
        "userDefined": false
      }
    ],
    "isTemplate": false,
    "count": 0,
    "lang": "en",
    "updated": 0
  },
  {
    "id": "77b834bf-2403-48e5-96ff-b84ca3a7b3cc",
    "data": [
      {
        "text": "Confirm cart",
        "userDefined": false
      }
    ],
    "isTemplate": false,
    "count": 0,
    "lang": "en",
    "updated": 0
  }
]