[
  {
    "id": "19c32b25-f062-4d90-a07d-bb07cd166dc6",
    "data": [
      {
        "text": "I want to log in with username ",
        "userDefined": false
      },
      {
        "text": "username",
        "meta": "@sys.any",
        "alias": "username",
        "userDefined": true
      },
      {
        "text": " and password ",
        "userDefined": false
      },
      {
        "text": "password",
        "meta": "@sys.any",
        "alias": "password",
        "userDefined": true
      }
    ],
    "isTemplate": false,
    "count": 0,
    "lang": "en",
    "updated": 0
  },
  {
    "id": "4d44003b-c2cb-4016-847e-3bb0ee4c2898",
    "data": [
      {
        "text": "I would like to log into my account",
        "userDefined": false
      }
    ],
    "isTemplate": false,
    "count": 0,
    "lang": "en",
    "updated": 0
  },
  {
    "id": "c8d33d4d-9f2c-4e7c-9f29-cf105cf26d0c",
    "data": [
      {
        "text": "log in, please",
        "meta": "@sys.ignore",
        "userDefined": true
      }
    ],
    "isTemplate": false,
    "count": 0,
    "lang": "en",
    "updated": 0
  },
  {
    "id": "36fd90c1-6d0f-4797-94e1-c45186d19867",
    "data": [
      {
        "text": "Sign me in",
        "userDefined": false
      }
    ],
    "isTemplate": false,
    "count": 0,
    "lang": "en",
    "updated": 0
  },
  {
    "id": "9b825bf3-908c-477b-ab72-4cddecdecc4a",
    "data": [
      {
        "text": "Could you please sign me in?",
        "userDefined": false
      }
    ],
    "isTemplate": false,
    "count": 0,
    "lang": "en",
    "updated": 0
  },
  {
    "id": "d207ab45-d9fa-480f-b34c-6b9c70c40cfe",
    "data": [
      {
        "text": "I want to sign in",
        "userDefined": false
      }
    ],
    "isTemplate": false,
    "count": 0,
    "lang": "en",
    "updated": 0
  },
  {
    "id": "9a80453f-3f97-4a38-911f-569851bbeb03",
    "data": [
      {
        "text": "Sign in",
        "userDefined": false
      }
    ],
    "isTemplate": false,
    "count": 0,
    "lang": "en",
    "updated": 0
  },
  {
    "id": "5a72443d-67c9-4b2a-8549-747fe9e01d90",
    "data": [
      {
        "text": "How can I log in?",
        "userDefined": false
      }
    ],
    "isTemplate": false,
    "count": 1,
    "lang": "en",
    "updated": 0
  },
  {
    "id": "5620377e-ccbb-4163-b06b-55a28d27ff09",
    "data": [
      {
        "text": "Log me in",
        "userDefined": false
      }
    ],
    "isTemplate": false,
    "count": 0,
    "lang": "en",
    "updated": 0
  },
  {
    "id": "f482c6d7-603a-4183-8c20-0fe24d009580",
    "data": [
      {
        "text": "I want to log in",
        "userDefined": false
      }
    ],
    "isTemplate": false,
    "count": 0,
    "lang": "en",
    "updated": 0
  },
  {
    "id": "2ffe77b7-5967-414a-93e5-51905a455b2a",
    "data": [
      {
        "text": "log in",
        "userDefined": false
      }
    ],
    "isTemplate": false,
    "count": 0,
    "lang": "en",
    "updated": 0
  }
]