[
  {
    "id": "b6787f57-4e26-4ab6-a6c1-b5024a3da86e",
    "data": [
      {
        "text": "show me the ",
        "userDefined": false
      },
      {
        "text": "log in",
        "meta": "@page",
        "alias": "page",
        "userDefined": true
      },
      {
        "text": " page",
        "userDefined": false
      }
    ],
    "isTemplate": false,
    "count": 0,
    "lang": "en",
    "updated": 0
  },
  {
    "id": "af1b9c66-feaa-4513-b849-82453a131b0b",
    "data": [
      {
        "text": "navigate to the page of ",
        "userDefined": false
      },
      {
        "text": "Jump Around Shirts",
        "meta": "@Product",
        "alias": "Product",
        "userDefined": true
      }
    ],
    "isTemplate": false,
    "count": 0,
    "lang": "en",
    "updated": 0
  },
  {
    "id": "0f1c2566-61c5-4d84-ad24-cb27243cfc22",
    "data": [
      {
        "text": "navigate to ",
        "userDefined": false
      },
      {
        "text": "Wisconsin Leggings",
        "meta": "@Product",
        "alias": "Product",
        "userDefined": true
      }
    ],
    "isTemplate": false,
    "count": 0,
    "lang": "en",
    "updated": 0
  },
  {
    "id": "1365b616-a0ef-4482-b766-12ccb1ad9a63",
    "data": [
      {
        "text": "navigate to ",
        "userDefined": false
      },
      {
        "text": "Leggings",
        "meta": "@category",
        "alias": "category",
        "userDefined": true
      },
      {
        "text": " category",
        "userDefined": false
      }
    ],
    "isTemplate": false,
    "count": 0,
    "lang": "en",
    "updated": 0
  },
  {
    "id": "37b40617-5b90-49d0-9888-01557f4b55b1",
    "data": [
      {
        "text": "navigate to ",
        "userDefined": false
      },
      {
        "text": "sign up",
        "meta": "@page",
        "alias": "page",
        "userDefined": true
      },
      {
        "text": " page",
        "userDefined": false
      }
    ],
    "isTemplate": false,
    "count": 0,
    "lang": "en",
    "updated": 0
  },
  {
    "id": "b7a86ee4-367f-4fdc-b003-3b8748a0aab3",
    "data": [
      {
        "text": "take me to the page of ",
        "userDefined": false
      },
      {
        "text": "Bucky Badger Plush",
        "meta": "@Product",
        "alias": "Product",
        "userDefined": true
      }
    ],
    "isTemplate": false,
    "count": 0,
    "lang": "en",
    "updated": 0
  },
  {
    "id": "d20767a7-36d5-4521-9e04-cb5e05cbeae8",
    "data": [
      {
        "text": "show me ",
        "userDefined": false
      },
      {
        "text": "Wisconsin Football Hat",
        "meta": "@Product",
        "alias": "Product",
        "userDefined": true
      }
    ],
    "isTemplate": false,
    "count": 0,
    "lang": "en",
    "updated": 0
  },
  {
    "id": "c7380de4-1913-4be1-b46d-ba368a0ba061",
    "data": [
      {
        "text": "take me to the ",
        "userDefined": false
      },
      {
        "text": "sweatshirts",
        "meta": "@category",
        "alias": "category",
        "userDefined": true
      },
      {
        "text": " page",
        "userDefined": false
      }
    ],
    "isTemplate": false,
    "count": 0,
    "lang": "en",
    "updated": 0
  },
  {
    "id": "9dbbbeb5-9aeb-46fc-a8f2-70566c756989",
    "data": [
      {
        "text": "show me the ",
        "userDefined": false
      },
      {
        "text": "hats",
        "meta": "@category",
        "alias": "category",
        "userDefined": true
      }
    ],
    "isTemplate": false,
    "count": 0,
    "lang": "en",
    "updated": 0
  },
  {
    "id": "b5806ae5-cb12-4980-a92f-a38446d6bd42",
    "data": [
      {
        "text": "show me the ",
        "userDefined": false
      },
      {
        "text": "welcome",
        "meta": "@page",
        "alias": "page",
        "userDefined": true
      },
      {
        "text": " page",
        "userDefined": false
      }
    ],
    "isTemplate": false,
    "count": 0,
    "lang": "en",
    "updated": 0
  },
  {
    "id": "5e95952b-0b0b-4430-8e67-3415f84c834d",
    "data": [
      {
        "text": "take me to ",
        "userDefined": false
      },
      {
        "text": "sign in",
        "meta": "@page",
        "alias": "page",
        "userDefined": true
      }
    ],
    "isTemplate": false,
    "count": 0,
    "lang": "en",
    "updated": 0
  }
]