[
  {
    "id": "1de1852b-e6f8-4e03-be7b-055f897a8241",
    "data": [
      {
        "text": "show me the information about ",
        "userDefined": false
      },
      {
        "text": "W Cloud Pillow",
        "meta": "@Product",
        "alias": "Product",
        "userDefined": true
      }
    ],
    "isTemplate": false,
    "count": 0,
    "lang": "en",
    "updated": 0
  },
  {
    "id": "c84bde9d-587f-4d0d-8e48-7d9db770734b",
    "data": [
      {
        "text": "tell me more about ",
        "userDefined": false
      },
      {
        "text": "Wisconsin Running Shorts",
        "meta": "@Product",
        "alias": "Product",
        "userDefined": true
      }
    ],
    "isTemplate": false,
    "count": 0,
    "lang": "en",
    "updated": 0
  },
  {
    "id": "ac9ca855-8467-47b3-92bd-2b4f16652833",
    "data": [
      {
        "text": "tell me more about ",
        "userDefined": false
      },
      {
        "text": "Jump Around Shirt",
        "meta": "@Product",
        "alias": "Product",
        "userDefined": true
      }
    ],
    "isTemplate": false,
    "count": 0,
    "lang": "en",
    "updated": 0
  },
  {
    "id": "b9cced30-2eec-4be3-9950-92652e3a4640",
    "data": [
      {
        "text": "tell me more about ",
        "userDefined": false
      },
      {
        "text": "Wisconsin Leggings",
        "meta": "@Product",
        "alias": "Product",
        "userDefined": true
      }
    ],
    "isTemplate": false,
    "count": 0,
    "lang": "en",
    "updated": 0
  },
  {
    "id": "79241ea6-a30a-431c-92dc-129fb6f2b5aa",
    "data": [
      {
        "text": "tell me more about ",
        "userDefined": false
      },
      {
        "text": "Bucky Badger Pillow",
        "meta": "@Product",
        "alias": "Product",
        "userDefined": true
      }
    ],
    "isTemplate": false,
    "count": 0,
    "lang": "en",
    "updated": 0
  },
  {
    "id": "5ea33311-424f-478e-91ed-62e0873f52c1",
    "data": [
      {
        "text": "tell me more about ",
        "userDefined": false
      },
      {
        "text": "Bucky Badger Plush",
        "meta": "@Product",
        "alias": "Product",
        "userDefined": true
      }
    ],
    "isTemplate": false,
    "count": 0,
    "lang": "en",
    "updated": 0
  },
  {
    "id": "c3441aca-1d7f-44fd-b9a2-a285317dbf9e",
    "data": [
      {
        "text": "tell me more about ",
        "userDefined": false
      },
      {
        "text": "150 Year Commemorative Hoodie",
        "meta": "@Product",
        "alias": "Product",
        "userDefined": true
      }
    ],
    "isTemplate": false,
    "count": 0,
    "lang": "en",
    "updated": 0
  },
  {
    "id": "d1c66ddf-240c-43dc-a352-b95eb382b7b7",
    "data": [
      {
        "text": "tell me more about ",
        "userDefined": false
      },
      {
        "text": "Bucky Crew Neck Sweatshirt",
        "meta": "@Product",
        "alias": "Product",
        "userDefined": true
      }
    ],
    "isTemplate": false,
    "count": 0,
    "lang": "en",
    "updated": 0
  },
  {
    "id": "4fc15069-e820-410c-8cd6-9883640df39e",
    "data": [
      {
        "text": "tell me more about ",
        "userDefined": false
      },
      {
        "text": "White Wisconsin Visor",
        "meta": "@Product",
        "alias": "Product",
        "userDefined": true
      }
    ],
    "isTemplate": false,
    "count": 0,
    "lang": "en",
    "updated": 0
  },
  {
    "id": "367f6b30-e7c5-4163-ad6f-90c0bbc62ac0",
    "data": [
      {
        "text": "show me the information about ",
        "userDefined": false
      },
      {
        "text": "Wisconsin Football Hat",
        "meta": "@Product",
        "alias": "Product",
        "userDefined": true
      }
    ],
    "isTemplate": false,
    "count": 0,
    "lang": "en",
    "updated": 0
  }
]