[
  {
    "id": "8abc57c0-d276-4459-ada4-a12e2a868277",
    "data": [
      {
        "text": "please tell me items in my cart",
        "userDefined": false
      }
    ],
    "isTemplate": false,
    "count": 0,
    "lang": "en",
    "updated": 0
  },
  {
    "id": "17d31de3-4738-4d24-b1bc-89e72fcea6db",
    "data": [
      {
        "text": "items in cart",
        "userDefined": false
      }
    ],
    "isTemplate": false,
    "count": 0,
    "lang": "en",
    "updated": 0
  },
  {
    "id": "fdbab365-79f1-4926-80e9-ba6eadd64e31",
    "data": [
      {
        "text": "how many things do I have in my cart",
        "userDefined": false
      }
    ],
    "isTemplate": false,
    "count": 0,
    "lang": "en",
    "updated": 0
  },
  {
    "id": "2537e000-3a65-44d0-97ea-4ec9f18ebb66",
    "data": [
      {
        "text": "what items are in my cart",
        "userDefined": false
      }
    ],
    "isTemplate": false,
    "count": 0,
    "lang": "en",
    "updated": 0
  },
  {
    "id": "6026f9df-689d-4df2-8ed7-eb6f85348181",
    "data": [
      {
        "text": "could you show me the items in my cart?",
        "userDefined": false
      }
    ],
    "isTemplate": false,
    "count": 0,
    "lang": "en",
    "updated": 0
  },
  {
    "id": "749ccf03-0352-4855-956c-1ce32f584793",
    "data": [
      {
        "text": "can you show me my cart",
        "userDefined": false
      }
    ],
    "isTemplate": false,
    "count": 0,
    "lang": "en",
    "updated": 0
  },
  {
    "id": "ba147d09-091a-4abc-bdd8-cefc4a7ff82b",
    "data": [
      {
        "text": "show me what is in my cart",
        "userDefined": false
      }
    ],
    "isTemplate": false,
    "count": 0,
    "lang": "en",
    "updated": 0
  },
  {
    "id": "addd1e67-164e-4f1d-9f76-efdc8daeaa57",
    "data": [
      {
        "text": "what is in my cart now",
        "userDefined": false
      }
    ],
    "isTemplate": false,
    "count": 0,
    "lang": "en",
    "updated": 0
  },
  {
    "id": "3132a514-e781-41ad-b328-e39be7c4eab8",
    "data": [
      {
        "text": "what do I have in my cart",
        "userDefined": false
      }
    ],
    "isTemplate": false,
    "count": 0,
    "lang": "en",
    "updated": 0
  },
  {
    "id": "bd6e7f35-8885-4268-8dd8-38f4b9e20646",
    "data": [
      {
        "text": "Show me cart",
        "userDefined": false
      }
    ],
    "isTemplate": false,
    "count": 0,
    "lang": "en",
    "updated": 0
  }
]