[
  {
    "id": "c382d049-b5e8-4c07-8e3e-2b5c15f80a98",
    "data": [
      {
        "text": "categories",
        "userDefined": false
      }
    ],
    "isTemplate": false,
    "count": 0,
    "lang": "en",
    "updated": 0
  },
  {
    "id": "dc998914-462c-46ec-9f2b-59dcf7c9fb67",
    "data": [
      {
        "text": "I would like to know about your category",
        "userDefined": false
      }
    ],
    "isTemplate": false,
    "count": 0,
    "lang": "en",
    "updated": 0
  },
  {
    "id": "77aedd92-c7d9-4fc8-8b19-a437034459dc",
    "data": [
      {
        "text": "I want to see the category",
        "userDefined": false
      }
    ],
    "isTemplate": false,
    "count": 0,
    "lang": "en",
    "updated": 0
  },
  {
    "id": "214fd32e-f944-4ab8-857f-03ae59b32dd1",
    "data": [
      {
        "text": "show me the category",
        "userDefined": false
      }
    ],
    "isTemplate": false,
    "count": 0,
    "lang": "en",
    "updated": 0
  },
  {
    "id": "da799d9a-b32d-4b29-bbd9-63c651bba862",
    "data": [
      {
        "text": "show me the categories",
        "userDefined": false
      }
    ],
    "isTemplate": false,
    "count": 0,
    "lang": "en",
    "updated": 0
  },
  {
    "id": "828dfa7e-8f8a-41d5-84db-72f464fc5c1d",
    "data": [
      {
        "text": "What is the category?",
        "userDefined": false
      }
    ],
    "isTemplate": false,
    "count": 0,
    "lang": "en",
    "updated": 0
  },
  {
    "id": "88c6f4d5-da9b-4d93-ab88-94977ceb5428",
    "data": [
      {
        "text": "What kind of products can I shop here?",
        "userDefined": false
      }
    ],
    "isTemplate": false,
    "count": 0,
    "lang": "en",
    "updated": 0
  },
  {
    "id": "d24f4717-d215-46f3-b04c-a0d8431dfa4e",
    "data": [
      {
        "text": "what kind of category do you provide?",
        "userDefined": false
      }
    ],
    "isTemplate": false,
    "count": 0,
    "lang": "en",
    "updated": 0
  },
  {
    "id": "28540779-bb6c-4cfa-90b3-9a15511731a2",
    "data": [
      {
        "text": "category",
        "userDefined": false
      }
    ],
    "isTemplate": false,
    "count": 0,
    "lang": "en",
    "updated": 0
  },
  {
    "id": "42796950-7be7-46d0-b69e-15e19725b760",
    "data": [
      {
        "text": "what are categories of the product?",
        "userDefined": false
      }
    ],
    "isTemplate": false,
    "count": 0,
    "lang": "en",
    "updated": 0
  }
]