[
  {
    "id": "3e277e48-6b7c-46b7-8c84-eee437525775",
    "data": [
      {
        "text": "I would like to know the tag of ",
        "userDefined": false
      },
      {
        "text": "leggings",
        "meta": "@category",
        "alias": "category",
        "userDefined": true
      }
    ],
    "isTemplate": false,
    "count": 0,
    "lang": "en",
    "updated": 0
  },
  {
    "id": "afdffdd9-79c4-4cb5-9656-34ada385b063",
    "data": [
      {
        "text": "Give me the tag of ",
        "userDefined": false
      },
      {
        "text": "hats",
        "meta": "@category",
        "alias": "category",
        "userDefined": true
      }
    ],
    "isTemplate": false,
    "count": 0,
    "lang": "en",
    "updated": 0
  },
  {
    "id": "831affb7-181a-4b20-96ca-3f25bd41218c",
    "data": [
      {
        "text": "Do the ",
        "userDefined": false
      },
      {
        "text": "hats",
        "meta": "@category",
        "alias": "category",
        "userDefined": true
      },
      {
        "text": " has any tag?",
        "userDefined": false
      }
    ],
    "isTemplate": false,
    "count": 0,
    "lang": "en",
    "updated": 0
  },
  {
    "id": "c77ba2d1-92dd-4b2d-8521-9aab62de1b07",
    "data": [
      {
        "text": "I want to know the tag of ",
        "userDefined": false
      },
      {
        "text": "hats",
        "meta": "@category",
        "alias": "category",
        "userDefined": true
      }
    ],
    "isTemplate": false,
    "count": 0,
    "lang": "en",
    "updated": 0
  },
  {
    "id": "e3801cf1-a2a6-4d1f-9cba-4bff36734eb0",
    "data": [
      {
        "text": "what is the tag of ",
        "userDefined": false
      },
      {
        "text": "Leggings",
        "meta": "@category",
        "alias": "category",
        "userDefined": true
      }
    ],
    "isTemplate": false,
    "count": 0,
    "lang": "en",
    "updated": 0
  },
  {
    "id": "5b3a021f-e6eb-4e13-a7b5-891d7a886623",
    "data": [
      {
        "text": "could you please tell me the tag of ",
        "userDefined": false
      },
      {
        "text": "Sweatshirts",
        "meta": "@category",
        "alias": "category",
        "userDefined": true
      },
      {
        "text": "?",
        "userDefined": false
      }
    ],
    "isTemplate": false,
    "count": 0,
    "lang": "en",
    "updated": 0
  },
  {
    "id": "5f41f361-a2a9-46d2-bca7-c0bf144f6d6b",
    "data": [
      {
        "text": "show me the tag of ",
        "userDefined": false
      },
      {
        "text": "hats",
        "meta": "@category",
        "alias": "category",
        "userDefined": true
      }
    ],
    "isTemplate": false,
    "count": 0,
    "lang": "en",
    "updated": 0
  },
  {
    "id": "0d7e71bd-ef8f-4256-9f66-383bd35101bb",
    "data": [
      {
        "text": "tag of ",
        "userDefined": false
      },
      {
        "text": "hats",
        "meta": "@category",
        "alias": "category",
        "userDefined": true
      }
    ],
    "isTemplate": false,
    "count": 0,
    "lang": "en",
    "updated": 0
  },
  {
    "id": "0c7c4a0c-a40a-46f2-9183-89df3becd748",
    "data": [
      {
        "text": "Show me the tag",
        "userDefined": false
      }
    ],
    "isTemplate": false,
    "count": 1,
    "lang": "en",
    "updated": 0
  },
  {
    "id": "30b8db7d-7ef8-47f1-8cac-ccc1c9b2900f",
    "data": [
      {
        "text": "Tag",
        "userDefined": false
      }
    ],
    "isTemplate": false,
    "count": 0,
    "lang": "en",
    "updated": 0
  }
]