[
  {
    "id": "52f40d13-54d3-4eec-a4c1-378924c5ab2c",
    "data": [
      {
        "text": "what are the reviews",
        "userDefined": false
      }
    ],
    "isTemplate": false,
    "count": 0,
    "lang": "en",
    "updated": 0
  },
  {
    "id": "295cfc4f-eff1-4ac0-a4e7-a1708c820f16",
    "data": [
      {
        "text": "show me the rating",
        "userDefined": false
      }
    ],
    "isTemplate": false,
    "count": 0,
    "lang": "en",
    "updated": 0
  },
  {
    "id": "e3cea3cd-46a7-49db-a656-e42ff9a276ce",
    "data": [
      {
        "text": "how many stars is this product",
        "userDefined": false
      }
    ],
    "isTemplate": false,
    "count": 0,
    "lang": "en",
    "updated": 0
  },
  {
    "id": "b346394e-7494-426a-bba6-780a39f99bb5",
    "data": [
      {
        "text": "rating",
        "userDefined": false
      }
    ],
    "isTemplate": false,
    "count": 0,
    "lang": "en",
    "updated": 0
  },
  {
    "id": "0d76813c-e435-4163-a75e-a860b5b3940d",
    "data": [
      {
        "text": "what is the rating",
        "userDefined": false
      }
    ],
    "isTemplate": false,
    "count": 0,
    "lang": "en",
    "updated": 0
  },
  {
    "id": "f0430199-3c1d-4517-aa6b-9f11515ade46",
    "data": [
      {
        "text": "what does other user say about this product",
        "userDefined": false
      }
    ],
    "isTemplate": false,
    "count": 0,
    "lang": "en",
    "updated": 0
  },
  {
    "id": "4b979e23-db70-4576-be8c-46e9820cb0e1",
    "data": [
      {
        "text": "feedback of this product",
        "userDefined": false
      }
    ],
    "isTemplate": false,
    "count": 0,
    "lang": "en",
    "updated": 0
  },
  {
    "id": "da6ba4ef-9d10-4d26-a1bb-6d9eeb7c8828",
    "data": [
      {
        "text": "show me the review",
        "userDefined": false
      }
    ],
    "isTemplate": false,
    "count": 0,
    "lang": "en",
    "updated": 0
  },
  {
    "id": "6b8630de-4a80-4898-8da7-f3ed1b557764",
    "data": [
      {
        "text": "What is the review of this product",
        "userDefined": false
      }
    ],
    "isTemplate": false,
    "count": 0,
    "lang": "en",
    "updated": 0
  },
  {
    "id": "9ba8dde7-5675-4cfb-86ad-a2d6286ed79f",
    "data": [
      {
        "text": "review",
        "userDefined": false
      }
    ],
    "isTemplate": false,
    "count": 0,
    "lang": "en",
    "updated": 0
  }
]